{"train/loss": 0.3941, "train/grad_norm": 2.3366599082946777, "train/learning_rate": 1.9999388564499135e-05, "train/epoch": 0.00352, "train/global_step": 44, "_timestamp": 1723023831.7399466, "_runtime": 37.01420450210571, "_step": 43}