{"train/loss": 0.2837, "train/grad_norm": 2.3667991161346436, "train/learning_rate": 1.9993810422739496e-05, "train/epoch": 0.0112, "train/global_step": 35, "_timestamp": 1723001763.8240354, "_runtime": 177.1411473751068, "_step": 34}