{"train/loss": 0.9338, "train/grad_norm": 4.35493278503418, "train/learning_rate": 1.9999979787056998e-05, "train/epoch": 0.00064, "train/global_step": 2, "_timestamp": 1723108592.6750839, "_runtime": 9.216967821121216, "_step": 1}