{"train/loss": 25.9353, "train/grad_norm": 1241.47802734375, "train/learning_rate": 1.9999979787056998e-05, "train/epoch": 0.00064, "train/global_step": 2, "_timestamp": 1723116505.6879044, "_runtime": 7.0425214767456055, "_step": 1}