{"train/loss": 0.7804, "train/grad_norm": 0.15996895730495453, "train/learning_rate": 1.999968872128406e-05, "train/epoch": 0.002511392405063291, "train/global_step": 31, "_timestamp": 1722942133.1250105, "_runtime": 71.2356824874878, "_step": 30}