{"train/loss": 0.2956, "train/grad_norm": 0.7205925583839417, "train/learning_rate": 9.595687331536388e-06, "train/epoch": 0.014420253164556963, "train/global_step": 178, "_timestamp": 1722934144.0093062, "_runtime": 478.4065752029419, "_step": 177}