{"train/loss": 12.6364, "train/grad_norm": 48.16465377807617, "train/learning_rate": 1.6172506738544476e-07, "train/epoch": 0.0002430379746835443, "train/global_step": 3, "_timestamp": 1722947763.5738394, "_runtime": 7.742428541183472, "_step": 2}