{"train/loss": 0.3996, "train/grad_norm": 1.2322235107421875, "train/learning_rate": 1.9962649529941283e-05, "train/epoch": 0.02752, "train/global_step": 86, "_timestamp": 1723119049.0723557, "_runtime": 274.9465446472168, "_step": 85}