{"train/loss": 0.9004, "train/grad_norm": 0.18887142837047577, "train/learning_rate": 1.9999988339136595e-05, "train/epoch": 0.0004860759493670886, "train/global_step": 6, "_timestamp": 1722942028.6664362, "_runtime": 17.054631233215332, "_step": 5}