{"train/loss": 9.9801, "train/grad_norm": 24.392974853515625, "train/learning_rate": 1.9999988339136595e-05, "train/epoch": 0.0004860759493670886, "train/global_step": 6, "_timestamp": 1722947732.4337933, "_runtime": 13.029492378234863, "_step": 5}