{"train/loss": 0.2908, "train/grad_norm": 1.491774559020996, "train/learning_rate": 9.595687331536388e-06, "train/epoch": 0.014420253164556963, "train/global_step": 178, "_timestamp": 1722932780.306807, "_runtime": 274.3608989715576, "_step": 177}