{"train/loss": 0.7895, "train/grad_norm": 1.5558340549468994, "train/learning_rate": 1.999987366932966e-05, "train/epoch": 0.0016, "train/global_step": 5, "_timestamp": 1723110230.2607605, "_runtime": 19.030945539474487, "_step": 4}