{"train/loss": 0.4035, "train/grad_norm": 9.241866111755371, "train/learning_rate": 1.9999979269579302e-05, "train/epoch": 0.0006481012658227848, "train/global_step": 8, "_timestamp": 1722942268.6947765, "_runtime": 29.415284633636475, "_step": 7}