{"train/loss": 0.8059, "train/grad_norm": 1.5020058155059814, "train/learning_rate": 1.6711590296495958e-06, "train/epoch": 0.002511392405063291, "train/global_step": 31, "_timestamp": 1722935027.0305183, "_runtime": 86.07292938232422, "_step": 30}