{"train/loss": 0.271, "train/grad_norm": 2.31706166267395, "train/learning_rate": 1.9967676708576362e-05, "train/epoch": 0.0256, "train/global_step": 80, "_timestamp": 1723119902.7340777, "_runtime": 342.326331615448, "_step": 79}