{"train/loss": 0.8622, "train/grad_norm": 1.8104981184005737, "train/learning_rate": 2.4731182795698927e-06, "train/epoch": 0.0037265822784810125, "train/global_step": 23, "_timestamp": 1722931033.9805412, "_runtime": 126.99132823944092, "_step": 22}