{"train/loss": 0.247, "train/grad_norm": 0.36005547642707825, "train/learning_rate": 0.0, "train/epoch": 1.0, "train/global_step": 3125, "_timestamp": 1722964003.5819917, "_runtime": 8539.36073064804, "_step": 3125, "train_runtime": 8539.9409, "train_samples_per_second": 11.71, "train_steps_per_second": 0.366, "total_flos": 3.869807754566697e+17, "train_loss": 0.23742853817462922, "_wandb": {"runtime": 8545}}