{"train/loss": 0.3753, "train/grad_norm": 1.1454200744628906, "train/learning_rate": 1.999631641606523e-05, "train/epoch": 0.00864, "train/global_step": 27, "_timestamp": 1723036307.4868183, "_runtime": 87.31812739372253, "_step": 26}