{"train/loss": 0.7169, "train/grad_norm": 1.5268363952636719, "train/learning_rate": 1.99999191483097e-05, "train/epoch": 0.00128, "train/global_step": 4, "_timestamp": 1723112079.3494635, "_runtime": 17.64206337928772, "_step": 3}