{"train/loss": 0.6837, "train/grad_norm": 0.11467844247817993, "train/learning_rate": 1.999725852618576e-05, "train/epoch": 0.007453164556962025, "train/global_step": 92, "_timestamp": 1722944751.2239394, "_runtime": 208.53006553649902, "_step": 91}