{"train/loss": 0.9986, "train/grad_norm": 0.3017275035381317, "train/learning_rate": 1.999987366932966e-05, "train/epoch": 0.0016, "train/global_step": 5, "_timestamp": 1723112129.617476, "_runtime": 17.198824882507324, "_step": 4}