{"train/loss": 0.312, "train/grad_norm": 1.2488919496536255, "train/learning_rate": 1e-05, "train/epoch": 0.015068354430379747, "train/global_step": 93, "_timestamp": 1722932452.5338023, "_runtime": 287.08372235298157, "_step": 92}