{"train/loss": 23.758, "train/grad_norm": 5530.88671875, "train/learning_rate": 1.6172506738544476e-07, "train/epoch": 0.0002430379746835443, "train/global_step": 3, "_timestamp": 1722939385.3771465, "_runtime": 23.842326402664185, "_step": 2}