{"train/loss": 0.3122, "train/grad_norm": 2.6549530029296875, "train/learning_rate": 1.9913406654908732e-05, "train/epoch": 0.04192, "train/global_step": 131, "_timestamp": 1723120442.7161915, "_runtime": 260.3020484447479, "_step": 130}