{"train/loss": 0.2818, "train/grad_norm": 2.2379724979400635, "train/learning_rate": 1.998580881376042e-05, "train/epoch": 0.01696, "train/global_step": 53, "_timestamp": 1723110088.9120626, "_runtime": 234.6129937171936, "_step": 52}