{"train/loss": 0.4595, "train/grad_norm": 2.84894061088562, "train/learning_rate": 3.0727762803234505e-06, "train/epoch": 0.004617721518987342, "train/global_step": 57, "_timestamp": 1722941448.3562808, "_runtime": 89.87659788131714, "_step": 56}