{"train/loss": 0.3817, "train/grad_norm": 2.25591778755188, "train/learning_rate": 3.126684636118599e-06, "train/epoch": 0.00469873417721519, "train/global_step": 58, "_timestamp": 1722945002.3140385, "_runtime": 90.57364344596863, "_step": 57}