{"train/loss": 0.4154, "train/grad_norm": 2.1219396591186523, "train/learning_rate": 4.086021505376344e-06, "train/epoch": 0.006156962025316456, "train/global_step": 38, "_timestamp": 1722928002.3110702, "_runtime": 269.2606711387634, "_step": 37}