{"train/loss": 0.3248, "train/grad_norm": 10.678330421447754, "train/learning_rate": 1.9999625558983543e-05, "train/epoch": 0.0027544303797468355, "train/global_step": 34, "_timestamp": 1722944296.4247792, "_runtime": 132.8636782169342, "_step": 33, "_wandb": {"runtime": 135}}