{"train/loss": 0.219, "train/grad_norm": 0.9574034810066223, "train/learning_rate": 1.9202318473658707e-05, "train/epoch": 0.128, "train/global_step": 400, "_timestamp": 1723095641.4734302, "_runtime": 1264.8777570724487, "_step": 399}