{"train/loss": 0.9009, "train/grad_norm": 0.2097550928592682, "train/learning_rate": 5.55256064690027e-06, "train/epoch": 0.008344303797468354, "train/global_step": 103, "_timestamp": 1722935948.5564606, "_runtime": 230.67695569992065, "_step": 102}