{"train/loss": 52.2574, "train/grad_norm": 2167.19873046875, "train/learning_rate": 1.9999979787056998e-05, "train/epoch": 0.00064, "train/global_step": 2, "_timestamp": 1723111605.588672, "_runtime": 6.779896974563599, "_step": 1}