{"train/loss": 0.6262, "train/grad_norm": 0.2868764102458954, "train/learning_rate": 1.9999668314987813e-05, "train/epoch": 0.002592405063291139, "train/global_step": 32, "_timestamp": 1722944457.0473177, "_runtime": 137.03407168388367, "_step": 31}