{"train/loss": 0.3188, "train/grad_norm": 0.4000431001186371, "train/learning_rate": 1.999925371387955e-05, "train/epoch": 0.003888607594936709, "train/global_step": 48, "_timestamp": 1722946361.7436488, "_runtime": 132.92703485488892, "_step": 47}