{"train/loss": 0.2816, "train/grad_norm": 0.361082524061203, "train/learning_rate": 1.99261067337737e-05, "train/epoch": 0.03872, "train/global_step": 121, "_timestamp": 1723109637.2801883, "_runtime": 413.4601032733917, "_step": 120}