{"train/loss": 0.2373, "train/grad_norm": 1.0653878450393677, "train/learning_rate": 1.875821925689818e-05, "train/epoch": 0.16032, "train/global_step": 501, "_timestamp": 1723025469.5812662, "_runtime": 1600.9264461994171, "_step": 500}