{"train/loss": 0.3375, "train/grad_norm": 15.425750732421875, "train/learning_rate": 2.4797843665768195e-06, "train/epoch": 0.0037265822784810125, "train/global_step": 46, "_timestamp": 1722939887.4752302, "_runtime": 336.27144026756287, "_step": 45}