{"train/loss": 12.3272, "train/grad_norm": 714.2706298828125, "train/learning_rate": 1.9999979269579302e-05, "train/epoch": 0.0006481012658227848, "train/global_step": 8, "_timestamp": 1722942219.9040976, "_runtime": 60.53383445739746, "_step": 7}