{"train/loss": 0.8311, "train/grad_norm": 1.4385915994644165, "train/learning_rate": 1.940700808625337e-06, "train/epoch": 0.0029164556962025315, "train/global_step": 36, "_timestamp": 1722935138.7958474, "_runtime": 99.01419734954834, "_step": 35}