{"train/loss": 0.9688, "train/grad_norm": 0.07645243406295776, "train/learning_rate": 1.9999954520897394e-05, "train/epoch": 0.00096, "train/global_step": 3, "_timestamp": 1723096728.824235, "_runtime": 41.50009894371033, "_step": 2}