{"train/loss": 0.8917, "train/grad_norm": 7.8117356300354, "train/learning_rate": 5.376344086021506e-07, "train/epoch": 0.0008101265822784811, "train/global_step": 5, "_timestamp": 1722930437.8948567, "_runtime": 17.421660661697388, "_step": 4}