{"train/loss": 12.4541, "train/grad_norm": 6.6851067543029785, "train/learning_rate": 1.9999984128270368e-05, "train/epoch": 0.0005670886075949367, "train/global_step": 7, "_timestamp": 1722945311.0902023, "_runtime": 13.133358240127563, "_step": 6}