{"train/loss": 0.2243, "train/grad_norm": 1.2259470224380493, "train/learning_rate": 1.998571884003883e-05, "train/epoch": 0.0170126582278481, "train/global_step": 210, "_timestamp": 1722941981.6537309, "_runtime": 322.6043508052826, "_step": 209}