{"train/loss": 10.9243, "train/grad_norm": 47.54854965209961, "train/learning_rate": 1.9999994817393484e-05, "train/epoch": 0.0003240506329113924, "train/global_step": 4, "_timestamp": 1722945810.1731474, "_runtime": 9.527250528335571, "_step": 3}