{"train/loss": 0.2847, "train/grad_norm": 1.4859055280685425, "train/learning_rate": 1.9998175836741564e-05, "train/epoch": 0.00608, "train/global_step": 38, "_timestamp": 1723036191.8995702, "_runtime": 61.65451121330261, "_step": 37}