{"train/loss": 0.2671, "train/grad_norm": 0.7050136923789978, "train/learning_rate": 7.277628032345015e-06, "train/epoch": 0.010936708860759493, "train/global_step": 135, "_timestamp": 1722935584.3444295, "_runtime": 359.31173753738403, "_step": 134}