{"train/loss": 0.2756, "train/grad_norm": 1.3749028444290161, "train/learning_rate": 1.9978657667668945e-05, "train/epoch": 0.0208, "train/global_step": 65, "_timestamp": 1723109801.503729, "_runtime": 107.6912751197815, "_step": 64}