{"train/loss": 12.2704, "train/grad_norm": 5.83712911605835, "train/learning_rate": 1.9999988339136595e-05, "train/epoch": 0.0004860759493670886, "train/global_step": 6, "_timestamp": 1722945599.6901712, "_runtime": 11.539152145385742, "_step": 5}