{"train/loss": 0.2486, "train/grad_norm": 0.6382723450660706, "train/learning_rate": 1.9997874882504247e-05, "train/epoch": 0.006562025316455696, "train/global_step": 81, "_timestamp": 1722946209.5261073, "_runtime": 218.44135427474976, "_step": 80}