{"train/loss": 0.3101, "train/grad_norm": 1.3253345489501953, "train/learning_rate": 1.997005431282183e-05, "train/epoch": 0.02464, "train/global_step": 77, "_timestamp": 1723120077.4311445, "_runtime": 126.96344351768494, "_step": 76}