{"train/loss": 0.4178, "train/grad_norm": 4.649585723876953, "train/learning_rate": 1.9999818084003243e-05, "train/epoch": 0.00192, "train/global_step": 6, "_timestamp": 1723176561.5459552, "_runtime": 14.149034261703491, "_step": 5}