{"train/loss": 0.2589, "train/grad_norm": 2.2192039489746094, "train/learning_rate": 1.9818132082853466e-05, "train/epoch": 0.0608, "train/global_step": 190, "_timestamp": 1723116918.4975219, "_runtime": 379.29107189178467, "_step": 189}