{"train/loss": 0.2751, "train/grad_norm": 1.7664878368377686, "train/learning_rate": 1.978425409433601e-05, "train/epoch": 0.06624, "train/global_step": 207, "_timestamp": 1723094242.9072158, "_runtime": 2777.263082742691, "_step": 206}