{"train/loss": 0.5524, "train/grad_norm": 0.7856425642967224, "train/learning_rate": 4.043126684636119e-06, "train/epoch": 0.0060759493670886075, "train/global_step": 75, "_timestamp": 1722933654.3737109, "_runtime": 211.2451629638672, "_step": 74}