{"train/loss": 0.2511, "train/grad_norm": 5.792964458465576, "train/learning_rate": 1.2129380053908358e-05, "train/epoch": 0.018227848101265823, "train/global_step": 225, "_timestamp": 1722940846.219383, "_runtime": 768.7589960098267, "_step": 224}