{"train/loss": 0.2862, "train/grad_norm": 1.6302062273025513, "train/learning_rate": 1.9973815452203314e-05, "train/epoch": 0.02304, "train/global_step": 72, "_timestamp": 1723118693.510497, "_runtime": 980.683315038681, "_step": 71}