{"train/loss": 0.7924, "train/grad_norm": 0.1875087469816208, "train/learning_rate": 2.15633423180593e-06, "train/epoch": 0.0032405063291139242, "train/global_step": 40, "_timestamp": 1722944856.1033638, "_runtime": 91.8176896572113, "_step": 39}