{"train/loss": 0.2243, "train/grad_norm": 1.2955620288848877, "train/learning_rate": 0.0, "train/epoch": 1.0, "train/global_step": 3125, "_timestamp": 1722953711.8934562, "_runtime": 4791.059747219086, "_step": 3125, "train_runtime": 4791.7391, "train_samples_per_second": 20.869, "train_steps_per_second": 0.652, "total_flos": 3.890813841755341e+17, "train_loss": 0.2143788435792923, "_wandb": {"runtime": 4795}}