{"train/loss": 0.2925, "train/grad_norm": 3.443537950515747, "train/learning_rate": 2.2102425876010783e-06, "train/epoch": 0.003321518987341772, "train/global_step": 41, "_timestamp": 1722934279.7913334, "_runtime": 49.67500352859497, "_step": 40}