{"train/loss": 0.3175, "train/grad_norm": 6.4330153465271, "train/learning_rate": 1.9999157514285153e-05, "train/epoch": 0.0041316455696202535, "train/global_step": 51, "_timestamp": 1722942530.0523026, "_runtime": 176.00753951072693, "_step": 50}