{"train/loss": 0.2736, "train/grad_norm": 2.162623882293701, "train/learning_rate": 1.9938918111585805e-05, "train/epoch": 0.0352, "train/global_step": 110, "_timestamp": 1723006566.1962142, "_runtime": 562.7019531726837, "_step": 109}