{"train/loss": 0.8293, "train/grad_norm": 1.7243963479995728, "train/learning_rate": 1.9999954520897394e-05, "train/epoch": 0.00096, "train/global_step": 3, "_timestamp": 1723110316.069626, "_runtime": 13.841274976730347, "_step": 2}