{"train/loss": 0.8913, "train/grad_norm": 7.81450080871582, "train/learning_rate": 5.376344086021506e-07, "train/epoch": 0.0008101265822784811, "train/global_step": 5, "_timestamp": 1722932485.6632342, "_runtime": 17.246746301651, "_step": 4}