{"train/loss": 12.621, "train/grad_norm": 6.119036674499512, "train/learning_rate": 1.9999997084783726e-05, "train/epoch": 0.0002430379746835443, "train/global_step": 3, "_timestamp": 1722945437.6893022, "_runtime": 7.403524160385132, "_step": 2}