{"train/loss": 0.3767, "train/grad_norm": 0.2176177203655243, "train/learning_rate": 1.2150537634408604e-05, "train/epoch": 0.018308860759493673, "train/global_step": 113, "_timestamp": 1722926580.403868, "_runtime": 800.2852959632874, "_step": 112}