{"train/loss": 11.3835, "train/grad_norm": 234.72854614257812, "train/learning_rate": 1.999987366932966e-05, "train/epoch": 0.0016, "train/global_step": 5, "_timestamp": 1723026456.998018, "_runtime": 38.43290305137634, "_step": 4}