{"train/loss": 52.2244, "train/grad_norm": 2166.16943359375, "train/learning_rate": 1.9999979787056998e-05, "train/epoch": 0.00064, "train/global_step": 2, "_timestamp": 1723111648.966654, "_runtime": 6.687076091766357, "_step": 1}