{"train/loss": 0.3115, "train/grad_norm": 1.6349514722824097, "train/learning_rate": 1.9993810422739496e-05, "train/epoch": 0.0112, "train/global_step": 35, "_timestamp": 1723036003.9667985, "_runtime": 473.09712958335876, "_step": 34}