{"train/loss": 69.3508, "train/grad_norm": 1218.0545654296875, "train/learning_rate": 1.9999979787056998e-05, "train/epoch": 0.00064, "train/global_step": 2, "_timestamp": 1723111501.279832, "_runtime": 7.59035587310791, "_step": 1}