{"train/loss": 0.1694, "train/grad_norm": 1.0756922960281372, "train/learning_rate": 1.993208066032823e-05, "train/epoch": 0.03712, "train/global_step": 116, "_timestamp": 1723119268.409376, "_runtime": 195.6505320072174, "_step": 115}