{"train/loss": 9.5173, "train/grad_norm": 264.9806213378906, "train/learning_rate": 1.9999979787056998e-05, "train/epoch": 0.00064, "train/global_step": 2, "_timestamp": 1723119427.2407467, "_runtime": 9.74462080001831, "_step": 1}