{"train/loss": 0.2763, "train/grad_norm": 0.5154334902763367, "train/learning_rate": 7.311827956989248e-06, "train/epoch": 0.011017721518987342, "train/global_step": 68, "_timestamp": 1722932111.9674356, "_runtime": 366.6544096469879, "_step": 67}