{"train/loss": 0.5897, "train/grad_norm": 0.8170431852340698, "train/learning_rate": 4.043126684636119e-06, "train/epoch": 0.0060759493670886075, "train/global_step": 75, "_timestamp": 1722933402.2672322, "_runtime": 205.802020072937, "_step": 74}